<?xml version="1.0" encoding="utf-8"?>
<doctrine-mapping xmlns="http://doctrine-project.org/schemas/orm/doctrine-mapping" xmlns:xsi="http://www.w3.org/2001/XMLSchema-instance" xsi:schemaLocation="http://doctrine-project.org/schemas/orm/doctrine-mapping http://doctrine-project.org/schemas/orm/doctrine-mapping.xsd">
  <entity name="Previsionnel\PrevisionnelBundle\Entity\Horsservice" table="horsservice">
    <id name="id" type="integer" column="id">
      <generator strategy="IDENTITY"/>
    </id>
    <field name="coeffcm" type="float" column="coeffCM" precision="10" scale="0" nullable="false"/>
    <field name="coefftd" type="float" column="coeffTD" precision="10" scale="0" nullable="false"/>
    <field name="coefftp" type="float" column="coeffTP" precision="10" scale="0" nullable="false"/>
    <field name="idstatut" type="integer" column="idStatut" nullable="false">
      <options>
        <option name="unsigned"/>
      </options>
    </field>
  </entity>
</doctrine-mapping>
