<?xml version="1.0" encoding="utf-8"?>
<doctrine-mapping xmlns="http://doctrine-project.org/schemas/orm/doctrine-mapping" xmlns:xsi="http://www.w3.org/2001/XMLSchema-instance" xsi:schemaLocation="http://doctrine-project.org/schemas/orm/doctrine-mapping http://doctrine-project.org/schemas/orm/doctrine-mapping.xsd">
  <entity name="Previsionnel\PrevisionnelBundle\Entity\Tickets" table="tickets">
    <id name="id" type="integer" column="id">
      <generator strategy="IDENTITY"/>
    </id>
    <field name="motif" type="string" column="motif" length="255" nullable="false">
      <options>
        <option name="fixed"/>
      </options>
    </field>
    <field name="message" type="text" column="message" length="65535" nullable="false">
      <options>
        <option name="fixed"/>
      </options>
    </field>
    <field name="idue" type="integer" column="idUE" nullable="false">
      <options>
        <option name="unsigned"/>
      </options>
    </field>
    <field name="date" type="date" column="date" nullable="false"/>
    <field name="etat" type="string" column="etat" length="1" nullable="false">
      <options>
        <option name="fixed"/>
      </options>
    </field>
    <field name="idexpediteur" type="integer" column="idExpediteur" nullable="false">
      <options>
        <option name="unsigned"/>
      </options>
    </field>
  </entity>
</doctrine-mapping>
